http://oceanup.com/2013/october/19/joe-jonas-secret-drug-addiction-reveal,http://oceanup.com/2013/10/19/joe-jonas-secret-drug-addiction-reveal/
http://oceanup.com/2013/10/19/miley-auctioning-off-engagement-ring,http://oceanup.com/2013/10/19/miley-auctioning-off-engagement-ring/
http://oceanup.com/2013/october/19/miley-auctioning-engagement-ring,http://oceanup.com/2013/10/19/miley-auctioning-off-engagement-ring/
http://oceanup.com/2013/10/19/nick-jonas-happy-meeting-today,http://oceanup.com/2013/10/19/nick-jonas-happy-meeting-today/
http://oceanup.com/2013/october/19/nick-jonas-happy-meeting-today,http://oceanup.com/2013/10/19/nick-jonas-happy-meeting-today/
http://oceanup.com/2013/10/19/demi-lovato-warrior-first-time-live,http://oceanup.com/2013/10/19/demi-lovato-warrior-first-time-live/
http://oceanup.com/2013/october/19/demi-lovato-warrior-first-time-live,http://oceanup.com/2013/10/19/demi-lovato-warrior-first-time-live/
http://oceanup.com/2013/10/19/taylor-momsen-music-is-a-confessional,http://oceanup.com/2013/10/19/taylor-momsen-music-is-a-confessional/
http://oceanup.com/2013/october/19/taylor-momsen-music-confessional,http://oceanup.com/2013/10/19/taylor-momsen-music-is-a-confessional/
http://oceanup.com/2013/10/19/taylor-swift-the-giver-set-pictures,http://oceanup.com/2013/10/19/taylor-swift-the-giver-set-pictures/
http://oceanup.com/2013/october/19/taylor-swift-giver-set-pictures,http://oceanup.com/2013/10/19/taylor-swift-the-giver-set-pictures/
http://oceanup.com/2013/10/19/justin-bieber-touched-a-strippers-ass,http://oceanup.com/2013/10/19/justin-bieber-touched-a-strippers-ass/
http://oceanup.com/2013/october/19/justin-bieber-touched-strippers-ass,http://oceanup.com/2013/10/19/justin-bieber-touched-a-strippers-ass/
http://oceanup.com/2013/10/19/harry-styles-shirtless-volleyball-player,http://oceanup.com/2013/10/19/harry-styles-shirtless-volleyball-player/
http://oceanup.com/2013/october/19/harry-styles-shirtless-volleyball-player,http://oceanup.com/2013/10/19/harry-styles-shirtless-volleyball-player/
http://oceanup.com/2013/10/19/mans-plastic-surgery-to-look-like-bieber,http://oceanup.com/2013/10/19/mans-plastic-surgery-to-look-like-bieber/
http://oceanup.com/2013/october/19/mans-plastic-surgery-look-bieber,http://oceanup.com/2013/10/19/mans-plastic-surgery-to-look-like-bieber/
http://oceanup.com/2013/10/19/miley-shows-boobs-in-sexy-red-swimsuit,http://oceanup.com/2013/10/19/miley-shows-boobs-in-sexy-red-swimsuit/
http://oceanup.com/2013/october/19/miley-shows-boobs-sexy-red-swimsuit,http://oceanup.com/2013/10/19/miley-shows-boobs-in-sexy-red-swimsuit/
http://oceanup.com/2013/10/19/joe-jonas-zac-efron-chateau-dinner-party,http://oceanup.com/2013/10/19/joe-jonas-zac-efron-chateau-dinner-party/
http://oceanup.com/2013/october/19/joe-jonas-zac-efron-chateau-dinner-party,http://oceanup.com/2013/10/19/joe-jonas-zac-efron-chateau-dinner-party/
http://oceanup.com/2013/10/20/emblem3-behind-the-scenes-tour-pix,http://oceanup.com/2013/10/20/emblem3-behind-the-scenes-tour-pix/
http://oceanup.com/2013/october/20/emblem3-behind-scenes-tour-pix,http://oceanup.com/2013/10/20/emblem3-behind-the-scenes-tour-pix/
http://oceanup.com/2013/10/20/little-mix-bliss-covergirl-gorgeous,http://oceanup.com/2013/10/20/little-mix-bliss-cover-girls-gorgeous/
http://oceanup.com/2013/october/20/little-mix-bliss-cover-girls-gorgeous,http://oceanup.com/2013/10/20/little-mix-bliss-cover-girls-gorgeous/
http://oceanup.com/2013/10/20/disney-christmas-holidays-unwrapped,http://oceanup.com/2013/10/20/disney-christmas-holidays-unwrapped/
http://oceanup.com/2013/october/20/disney-christmas-holidays-unwrapped,http://oceanup.com/2013/10/20/disney-christmas-holidays-unwrapped/
http://oceanup.com/2013/10/20/siva-nathan-ariana-will-struggle,http://oceanup.com/2013/10/20/siva-nathan-ariana-will-struggle/
http://oceanup.com/2013/october/20/siva-nathan-ariana-will-struggle,http://oceanup.com/2013/10/20/siva-nathan-ariana-will-struggle/
http://oceanup.com/2013/10/20/one-direction-china-toyota-ad-video,http://oceanup.com/2013/10/20/one-direction-china-toyota-ad-video/
http://oceanup.com/2013/october/20/one-direction-china-toyota-ad-video,http://oceanup.com/2013/10/20/one-direction-china-toyota-ad-video/
http://oceanup.com/2013/10/20/cara-delevingne-pop-career-launch,http://oceanup.com/2013/10/20/cara-delevingne-pop-career-launch/
http://oceanup.com/2013/october/20/cara-delevingne-pop-career-launch,http://oceanup.com/2013/10/20/cara-delevingne-pop-career-launch/
http://oceanup.com/2013/10/20/taylor-never-wanna-make-same-album-twice,http://oceanup.com/2012/10/20/taylor-swift-ive-never-wanted-to-make-same-album-twice/
http://oceanup.com/2013/october/20/taylor-never-wanna-make-same-album-twice,http://oceanup.com/2012/10/20/taylor-swift-ive-never-wanted-to-make-same-album-twice/
http://oceanup.com/2013/10/20/one-direction-sporty-sexual-lads,http://oceanup.com/2013/10/20/one-direction-sporty-sexual-sexpots/
http://oceanup.com/2013/october/20/one-direction-sporty-sexual-lads,http://oceanup.com/2013/10/20/one-direction-sporty-sexual-sexpots/
http://oceanup.com/2013/10/20/miley-aint-popped-no-molly--weed-strain,http://oceanup.com/2013/10/20/miley-aint-popped-no-molly-weed-strain/
http://oceanup.com/2013/october/20/miley-aint-popped-no-molly-weed-strain,http://oceanup.com/2013/10/20/miley-aint-popped-no-molly-weed-strain/
http://oceanup.com/2013/10/20/taylor-swift-sweeter-than-fiction-full-song,http://oceanup.com/2013/10/20/taylor-swift-sweeter-than-fiction-full-song/
http://oceanup.com/2013/october/20/taylor-swift-sweeter-fiction-full-song,http://oceanup.com/2013/10/20/taylor-swift-sweeter-than-fiction-full-song/
http://oceanup.com/2013/10/20/blanda-joe-jonas-true-love-in-weho,http://oceanup.com/2013/10/20/blanda-joe-jonas-true-love-in-weho/
http://oceanup.com/2013/october/20/blanda-joe-jonas-true-love-weho,http://oceanup.com/2013/10/20/blanda-joe-jonas-true-love-in-weho/
http://oceanup.com/2013/10/20/selena-gomez-i-think-sexy-is-classy,http://oceanup.com/2013/10/20/selena-gomez-i-think-sexy-is-classy/
http://oceanup.com/2013/october/20/selena-gomez-i-think-sexy-classy,http://oceanup.com/2013/10/20/selena-gomez-i-think-sexy-is-classy/
http://oceanup.com/2013/10/20/liam-payne-workout-pictures,http://oceanup.com/2013/10/20/liam-payne-workout-pictures/
http://oceanup.com/2013/october/20/liam-payne-workout-pictures,http://oceanup.com/2013/10/20/liam-payne-workout-pictures/
http://oceanup.com/2013/10/20/rashida-to-miley-stop-acting-like-whore,http://oceanup.com/2013/10/20/rashida-to-miley-stop-acting-like-whore/
http://oceanup.com/2013/october/20/rashida-miley-stop-acting-whore,http://oceanup.com/2013/10/20/rashida-to-miley-stop-acting-like-whore/
http://oceanup.com/2013/10/20/justin-bieber-drank-beer-at-strip-club,http://oceanup.com/2013/10/20/justin-bieber-drank-beer-at-strip-club/
http://oceanup.com/2013/october/20/justin-bieber-drank-beer-strip-club,http://oceanup.com/2013/10/20/justin-bieber-drank-beer-at-strip-club/
http://oceanup.com/2013/10/20/kevin-danielle-jonas-selling-nj-home,http://oceanup.com/2013/10/20/kevin-danielle-jonas-selling-nj-home/
http://oceanup.com/2013/october/20/kevin-danielle-jonas-selling-nj-home,http://oceanup.com/2013/10/20/kevin-danielle-jonas-selling-nj-home/
http://oceanup.com/2013/10/20/liam-payne-shirtless-surfing-gold-coast,http://oceanup.com/2013/10/20/liam-payne-shirtless-surfing-gold-coast/
http://oceanup.com/2013/october/20/liam-payne-shirtless-surfing-gold-coast,http://oceanup.com/2013/10/20/liam-payne-shirtless-surfing-gold-coast/
http://oceanup.com/2013/10/20/nick-jonas-brought-olivia-culpo-to-texas,http://oceanup.com/2013/10/20/nick-jonas-brought-olivia-culpo-to-texas/
http://oceanup.com/2013/october/20/nick-jonas-brought-olivia-culpo-texas,http://oceanup.com/2013/10/20/nick-jonas-brought-olivia-culpo-to-texas/
http://oceanup.com/2013/10/21/nick-jonas-maya-kibbel-baby-picture,http://oceanup.com/2013/10/21/nick-jonas-maya-kibbel-baby-picture/
http://oceanup.com/2013/october/21/nick-jonas-maya-kibbel-baby-picture,http://oceanup.com/2013/10/21/nick-jonas-maya-kibbel-baby-picture/
http://oceanup.com/2013/10/21/joe-jonas-blanda-w-hotel-love-picture,http://oceanup.com/2013/10/21/joe-jonas-blanda-w-hotel-love-picture/
http://oceanup.com/2013/october/21/joe-jonas-blanda-w-hotel-love-picture,http://oceanup.com/2013/10/21/joe-jonas-blanda-w-hotel-love-picture/
http://oceanup.com/2013/10/21/taylor-swift-alexander-skarsgard-dinner,http://oceanup.com/2013/10/21/taylor-swift-alexander-skarsgard-dinner/
http://oceanup.com/2013/october/21/taylor-swift-alexander-skarsgard-dinner,http://oceanup.com/2013/10/21/taylor-swift-alexander-skarsgard-dinner/
http://oceanup.com/2013/10/21/emblem3-3000-miles-acoustic-music-video,http://oceanup.com/2013/10/21/emblem3-3000-miles-acoustic-music-video/
http://oceanup.com/2013/october/21/emblem3-3000-miles-acoustic-music-video,http://oceanup.com/2013/10/21/emblem3-3000-miles-acoustic-music-video/
http://oceanup.com/2013/10/21/one-direction-story-of-my-life-preview,http://oceanup.com/2013/10/21/one-direction-story-of-my-life-preview/
http://oceanup.com/2013/october/21/one-direction-story-my-life-preview,http://oceanup.com/2013/10/21/one-direction-story-of-my-life-preview/
http://oceanup.com/2013/10/21/shia-labeouf-naked-picture-,http://oceanup.com/2013/10/21/shia-labeouf-naked-picture/
http://oceanup.com/2013/october/21/shia-labeouf-naked-picture,http://oceanup.com/2013/10/21/shia-labeouf-naked-picture/
http://oceanup.com/2013/10/21/lorde-i-bought-a-queen-sized-bed,http://oceanup.com/2013/10/21/lorde-i-bought-a-queen-sized-bed/
http://oceanup.com/2013/october/21/lorde-i-bought-queen-sized-bed,http://oceanup.com/2013/10/21/lorde-i-bought-a-queen-sized-bed/
http://oceanup.com/2013/10/21/eiza-gonzalez-i-would-die-for-love,http://oceanup.com/2013/10/21/eiza-gonzalez-i-would-die-for-love/
http://oceanup.com/2013/october/21/eiza-gonzalez-i-would-die-love,http://oceanup.com/2013/10/21/eiza-gonzalez-i-would-die-for-love/
http://oceanup.com/2013/10/21/justin-bieber-searched-for-illegal-drugs,http://oceanup.com/2013/10/21/justin-bieber-searched-for-illegal-drugs/
http://oceanup.com/2013/october/21/justin-bieber-searched-illegal-drugs,http://oceanup.com/2013/10/21/justin-bieber-searched-for-illegal-drugs/
http://oceanup.com/2013/10/21/harry-louis-is-most-vain-member-of-1d,http://oceanup.com/2013/10/21/harry-louis-is-most-vain-member-of-1d/
http://oceanup.com/2013/october/21/harry-louis-most-vain-member-1d,http://oceanup.com/2013/10/21/harry-louis-is-most-vain-member-of-1d/
http://oceanup.com/2013/10/21/miley-demi-selena-grammy-submissions,http://oceanup.com/?attachment_id=127731
http://oceanup.com/2013/october/21/miley-demi-selena-grammy-submissions,http://oceanup.com/?attachment_id=127731
http://oceanup.com/2013/10/21/miley-i-am-bored-as-f-ck,http://oceanup.com/?attachment_id=127736
http://oceanup.com/2013/october/21/miley-i-am-bored-fck,http://oceanup.com/?attachment_id=127736
http://oceanup.com/2013/10/21/selena-gomez-tanning-salon-sneer,http://oceanup.com/?attachment_id=127741
http://oceanup.com/2013/october/21/selena-gomez-tanning-salon-sneer,http://oceanup.com/?attachment_id=127741
http://oceanup.com/2013/10/21/ariana-justin-bieber-music-better-than-ever,http://oceanup.com/?attachment_id=127746
http://oceanup.com/2013/october/21/ariana-biebers-music-better-ever,http://oceanup.com/?attachment_id=127746
http://oceanup.com/2013/10/21/selena-slow-down-surprise-surprise-itv,http://oceanup.com/?attachment_id=127751
http://oceanup.com/2013/october/21/selena-slow-down-surprise-surprise-itv,http://oceanup.com/?attachment_id=127751
http://oceanup.com/2013/10/21/selena-gomez-girls-need-to-inspire-girls-,http://oceanup.com/?attachment_id=127756
http://oceanup.com/2013/october/22/selena-gomez-girls-need-inspire-girls,http://oceanup.com/?attachment_id=127756
http://oceanup.com/2013/10/21/liam-payne-i-was-bullied-in-school,http://oceanup.com/?attachment_id=127761
http://oceanup.com/2013/october/22/liam-payne-i-was-bullied-school,http://oceanup.com/?attachment_id=127761
http://oceanup.com/2013/10/21/selena-gomez-rocks-newark-philly,http://oceanup.com/?attachment_id=127766
http://oceanup.com/2013/october/21/selena-gomez-rocks-newark-philly,http://oceanup.com/?attachment_id=127766
http://oceanup.com/2013/10/22/one-direction-richest-kids-in-uk,http://oceanup.com/?attachment_id=127771
http://oceanup.com/2013/october/22/one-direction-richest-kids-uk,http://oceanup.com/?attachment_id=127771
http://oceanup.com/2013/10/22/betty-white-rides-mileys-wrecking-ball,http://oceanup.com/?attachment_id=127776
http://oceanup.com/2013/october/22/betty-white-rides-mileys-wrecking-ball,http://oceanup.com/?attachment_id=127776
http://oceanup.com/2013/10/22/taylor-swift-one-chance-music-video,http://oceanup.com/?attachment_id=127781
http://oceanup.com/2013/october/23/taylor-swift-one-chance-music-video,http://oceanup.com/?attachment_id=127781
http://oceanup.com/2013/10/22/joe-jonas-super-night-on-place-flight,http://oceanup.com/?attachment_id=127786
http://oceanup.com/2013/october/22/joe-jonas-super-night-plane-flight,http://oceanup.com/?attachment_id=127786
http://oceanup.com/2013/10/22/olivia-culpo-flawlessly-flexible,http://oceanup.com/?attachment_id=127791
http://oceanup.com/2013/october/22/olivia-culpo-flawlessly-flexible,http://oceanup.com/?attachment_id=127791
http://oceanup.com/2013/10/22/selena-i-have-5-year-olds-at-my-shows,http://oceanup.com/?attachment_id=127801
http://oceanup.com/2013/october/22/selena-i-have-5-year-olds-my-shows,http://oceanup.com/?attachment_id=127801
http://oceanup.com/2013/10/22/joe-jonas-getting-our-shit-together,http://oceanup.com/?attachment_id=127806
http://oceanup.com/2013/october/22/joe-jonas-getting-our-shit-together,http://oceanup.com/?attachment_id=127806
http://oceanup.com/2013/10/22/austin-mahone-i-kiss-on-first-dates,http://oceanup.com/?attachment_id=127816
http://oceanup.com/2013/october/22/austin-mahone-i-kiss-first-dates,http://oceanup.com/?attachment_id=127816
http://oceanup.com/2013/10/22/miley-cyrus-night-of-stars-gala-2013,http://oceanup.com/gallery/gallery-3/attachment/127821/
http://oceanup.com/2013/october/22/miley-cyrus-night-stars-gala-2013,http://oceanup.com/gallery/gallery-3/attachment/127821/
http://oceanup.com/2013/10/22/kendall-schmidt-heffron-drive-tour-dates,http://oceanup.com/?attachment_id=127826
http://oceanup.com/2013/october/23/kendall-schmidt-heffron-drive-tour-dates,http://oceanup.com/?attachment_id=127826
http://oceanup.com/2013/10/22/courtney-love-miley-has-a-crap-stylist,http://oceanup.com/?attachment_id=127831
http://oceanup.com/2013/october/22/courtney-love-miley-has-crap-stylist,http://oceanup.com/?attachment_id=127831
http://oceanup.com/2013/10/22/selena-come-get-it-acoustic-private,http://oceanup.com/?attachment_id=127836
http://oceanup.com/2013/october/22/selena-come-get-it-acoustic-private,http://oceanup.com/?attachment_id=127836
http://oceanup.com/2013/10/22/ariana-grande-i-wanted-demi-duet,http://oceanup.com/?attachment_id=127841
http://oceanup.com/2013/october/23/ariana-grande-i-wanted-demi-duet,http://oceanup.com/?attachment_id=127841
http://oceanup.com/2013/10/22/jennifer-lawrence-dior-fall-winter-issue,http://oceanup.com/?attachment_id=127846
http://oceanup.com/2013/october/23/jennifer-lawrence-dior-fall-winter-issue,http://oceanup.com/?attachment_id=127846
http://oceanup.com/2013/10/22/one-direction-imitate-australian-animals,http://oceanup.com/?attachment_id=127851
http://oceanup.com/2013/october/22/one-direction-imitate-australian-animals,http://oceanup.com/?attachment_id=127851
http://oceanup.com/2013/10/22/taylor-swift-creme-dress-sweet,http://oceanup.com/?attachment_id=127856
http://oceanup.com/2013/october/22/taylor-swift-creme-dress-sweet,http://oceanup.com/?attachment_id=127856
http://oceanup.com/2013/10/22/justin-bieber-santo-domingo-sensual,http://oceanup.com/?attachment_id=127861
http://oceanup.com/2013/october/22/justin-bieber-santo-domingo-sensual,http://oceanup.com/?attachment_id=127861
http://oceanup.com/2013/10/22/high-school-musical-reunion,http://oceanup.com/?attachment_id=127866
http://oceanup.com/2013/october/23/high-school-musical-reunion,http://oceanup.com/?attachment_id=127866
http://oceanup.com/2013/10/22/selena-miley-or-demi-video-of-the-year,http://oceanup.com/?attachment_id=127871
http://oceanup.com/2013/october/24/selena-miley-or-demi-video-year,http://oceanup.com/?attachment_id=127871
http://oceanup.com/2013/10/22/joe-jonas-new-york-city-arrival,http://oceanup.com/?attachment_id=127876
http://oceanup.com/2013/october/22/joe-jonas-new-york-city-arrival,http://oceanup.com/?attachment_id=127876
http://oceanup.com/2013/10/22/dakota-fanning-national-arts-awards-2013,http://oceanup.com/?attachment_id=127881
http://oceanup.com/2013/october/23/dakota-fanning-national-arts-awards-2013,http://oceanup.com/?attachment_id=127881
http://oceanup.com/2013/10/22/shailene-woodley-elle-woman-in-hollywood,http://oceanup.com/gallery/gallery-3/ffn_teenchoice_awards_kmff_072212_50839877/
http://oceanup.com/2013/october/23/shailene-woodley-elle-hollywood-woman,http://oceanup.com/gallery/gallery-3/ffn_teenchoice_awards_kmff_072212_50839877/
http://oceanup.com/2013/10/22/zendaya-on-miley-cyrus-nick-jonas,http://oceanup.com/?attachment_id=127891
http://oceanup.com/2013/october/22/zendaya-miley-cyrus-nick-jonas,http://oceanup.com/?attachment_id=127891
http://oceanup.com/2013/10/22/selena-1-person-asked-me-out-since-bieber,http://oceanup.com/?attachment_id=127896
http://oceanup.com/2013/october/23/selena-1-boy-asked-me-out-bieber,http://oceanup.com/?attachment_id=127896
http://oceanup.com/2013/10/22/perrie-edwards-my-haters-are-overweight,http://oceanup.com/?attachment_id=127901
http://oceanup.com/2013/october/23/perrie-edwards-my-haters-are-overweight,http://oceanup.com/?attachment_id=127901
http://oceanup.com/2013/10/22/demi-lovato-glamour-mexico-cover-girl,http://oceanup.com/?attachment_id=127906
http://oceanup.com/2013/october/22/demi-lovato-glamour-mexico-cover-girl,http://oceanup.com/?attachment_id=127906
http://oceanup.com/2013/10/23/miley-cyrus-second-boob-job,http://oceanup.com/?attachment_id=127911
http://oceanup.com/2013/october/23/miley-cyrus-second-boob-job,http://oceanup.com/?attachment_id=127911
http://oceanup.com/2013/10/23/zayn-malik-motorbiking--1d-in-sydney,http://oceanup.com/?attachment_id=127916
http://oceanup.com/2013/october/23/zayn-malik-motorbiking-1d-sydney,http://oceanup.com/?attachment_id=127916
http://oceanup.com/2013/10/23/hocus-pocus-20-year-reunion-screening,http://oceanup.com/?attachment_id=127921
http://oceanup.com/2013/october/23/hocus-pocus-20-year-reunion-screening,http://oceanup.com/?attachment_id=127921
http://oceanup.com/2013/10/23/zayn-malik-sings-f-ck-me-over-rock-me,http://oceanup.com/?attachment_id=127926
http://oceanup.com/2013/october/20/zayn-malik-sings-fck-me-over-rock-me,http://oceanup.com/?attachment_id=127926
http://oceanup.com/2013/10/23/kevin-jonas-in-downtown-la-yesterday,http://oceanup.com/?attachment_id=127931
http://oceanup.com/2013/october/23/kevin-jonas-downtown-la-yesterday,http://oceanup.com/?attachment_id=127931
http://oceanup.com/2013/10/23/taylor-swift-la-dance-studio-smashing,http://oceanup.com/?attachment_id=127936
http://oceanup.com/2013/october/23/taylor-swift-la-dance-studio-smashing,http://oceanup.com/?attachment_id=127936
http://oceanup.com/2013/10/23/nick-jonas-jt-private-lunch-party,http://oceanup.com/?attachment_id=127941
http://oceanup.com/2013/october/23/nick-jonas-jt-private-lunch-party,http://oceanup.com/?attachment_id=127941
http://oceanup.com/2013/10/23/miley-spreads-her-legs-wide-for-cheyne,http://oceanup.com/gallery/gallery-capture/capture/
http://oceanup.com/2013/october/23/miley-spreads-her-legs-wide-cheyne,http://oceanup.com/gallery/gallery-capture/capture/
http://oceanup.com/2013/10/23/katy-perry-i-have-taylor-mileys-hair,http://oceanup.com/?attachment_id=127951
http://oceanup.com/2013/october/23/katy-perry-i-have-taylor-mileys-hair,http://oceanup.com/?attachment_id=127951
http://oceanup.com/2013/10/23/fifth-harmony-big-morning-buzz-vh1,http://oceanup.com/?attachment_id=127956
http://oceanup.com/2013/october/23/fifth-harmony-big-morning-buzz-vh1,http://oceanup.com/?attachment_id=127956
http://oceanup.com/2013/10/23/eiza-gonzalez-pumpkin-patch-so-excited,http://oceanup.com/?attachment_id=127961
http://oceanup.com/2013/october/23/eiza-gonzalez-pumpkin-patch-so-excited,http://oceanup.com/?attachment_id=127961
http://oceanup.com/2013/10/23/miley-cyrus-dating-brown-haired-man,http://oceanup.com/?attachment_id=127966
http://oceanup.com/2013/october/23/miley-cyrus-dating-brown-haired-man,http://oceanup.com/?attachment_id=127966
http://oceanup.com/2013/10/23/demi-lovato-cosmopolitan-finland-cover,http://oceanup.com/?attachment_id=127971
http://oceanup.com/2013/october/23/demi-lovato-cosmopolitan-finland-cover,http://oceanup.com/?attachment_id=127971
http://oceanup.com/2013/10/23/selena-gomez-im-not-sexy-enough,http://oceanup.com/gallery/gallery-ashlee/ashlee/
http://oceanup.com/2013/october/23/selena-gomez-im-not-sexy-enough,http://oceanup.com/gallery/gallery-ashlee/ashlee/
http://oceanup.com/2013/10/23/justin-bieber-santo-domingo-shirtless,http://oceanup.com/gallery/gallery-zaylena/zaylena/
http://oceanup.com/2013/october/23/justin-bieber-santo-domingo-shirtless,http://oceanup.com/gallery/gallery-zaylena/zaylena/
http://oceanup.com/2013/10/23/emma-watson-brown-jacket-beautiful,http://oceanup.com/?attachment_id=127986
http://oceanup.com/2013/october/23/emma-watson-brown-jacket-beautiful,http://oceanup.com/?attachment_id=127986
http://oceanup.com/2013/10/24/oceanup-wr5-ghosts-pranks,http://oceanup.com/?attachment_id=127996
http://oceanup.com/2013/october/24/oceanup-wr5-ghosts-pranks,http://oceanup.com/?attachment_id=127996
http://oceanup.com/2013/10/24/lorde-royals-1-billboard-for-4th-week,http://oceanup.com/?attachment_id=128001
http://oceanup.com/2013/october/24/lorde-royals-1-billboard-4th-week,http://oceanup.com/?attachment_id=128001
http://oceanup.com/2013/10/24/demi-lovato-good-morning-glittering,http://oceanup.com/?attachment_id=128006
http://oceanup.com/2013/october/24/demi-lovato-good-morning-glittering,http://oceanup.com/?attachment_id=128006
http://oceanup.com/2013/10/24/high-school-musical-5-year-reunion,http://oceanup.com/?attachment_id=128011
http://oceanup.com/2013/october/24/high-school-musical-5-year-reunion,http://oceanup.com/?attachment_id=128011
http://oceanup.com/2013/10/24/nick-jonas-walking-alone-in-new-york,http://oceanup.com/?attachment_id=128016
http://oceanup.com/2013/october/24/nick-jonas-walking-alone-new-york,http://oceanup.com/?attachment_id=128016
http://oceanup.com/2013/10/24/demi-pissed-kim-k-didnt-make-me-godmom,http://oceanup.com/?attachment_id=128021
http://oceanup.com/2013/october/24/demi-pissed-kim-didnt-make-me-godmom,http://oceanup.com/?attachment_id=128021
http://oceanup.com/2013/10/24/new-oceanup-launching-tonight,http://oceanup.com/?attachment_id=128026
http://oceanup.com/2013/october/24/new-oceanup-launching-tonight,http://oceanup.com/?attachment_id=128026
http://oceanup.com/2013/10/24/emblem3-feel-better-austin-mahone,http://oceanup.com/?attachment_id=128031
http://oceanup.com/2013/october/24/emblem3-feel-better-austin-mahone,http://oceanup.com/?attachment_id=128031
http://oceanup.com/2013/10/24/taylor-swift-love-pink-chic,http://oceanup.com/?attachment_id=128036
http://oceanup.com/2013/october/24/taylor-swift-love-pink-chic,http://oceanup.com/?attachment_id=128036
http://oceanup.com/2013/10/24/maryland-schools-ban-twerking,http://oceanup.com/?attachment_id=128041
http://oceanup.com/2013/october/24/maryland-schools-ban-twerking,http://oceanup.com/?attachment_id=128041
http://oceanup.com/2013/10/24/zac-efron-lily-collins-disneyland-date,http://oceanup.com/?attachment_id=128046
http://oceanup.com/2013/october/24/zac-efron-lily-collins-disneyland-date,http://oceanup.com/?attachment_id=128046
http://oceanup.com/2013/10/24/harry-styles-sexier-than-justin-bieber,http://oceanup.com/?attachment_id=128051
http://oceanup.com/2013/october/24/harry-styles-sexier-justin-bieber,http://oceanup.com/?attachment_id=128051
http://oceanup.com/2013/10/24/selena-gomez-2-sexiest-popstar-2013,http://oceanup.com/?attachment_id=128056
http://oceanup.com/2013/october/24/selena-gomez-2-sexiest-popstar-2013,http://oceanup.com/?attachment_id=128056
